"GEO","TIME","S_ADJ","AGE","UNIT","SEX","Value"
"Belgium","2016M07","Trend cycle data","Total","Thousand persons","Total","392"
"Belgium","2016M07","Trend cycle data","Total","Thousand persons","Males","212"
"Belgium","2016M07","Trend cycle data","Total","Thousand persons","Females","180"
"Belgium","2016M07","Trend cycle data","Total","Percentage of active population","Total","7.9"
"Belgium","2016M07","Trend cycle data","Total","Percentage of active population","Males","7.9"
"Belgium","2016M07","Trend cycle data","Total","Percentage of active population","Females","7.9"
"Belgium","2016M07","Trend cycle data","Less than 25 years","Thousand persons","Total","75"
"Belgium","2016M07","Trend cycle data","Less than 25 years","Thousand persons","Males","43"
"Belgium","2016M07","Trend cycle data","Less than 25 years","Thousand persons","Females","32"
"Belgium","2016M07","Trend cycle data","Less than 25 years","Percentage of active population","Total","20.7"
"Belgium","2016M07","Trend cycle data","Less than 25 years","Percentage of active population","Males","21.8"
"Belgium","2016M07","Trend cycle data","Less than 25 years","Percentage of active population","Females","19.3"
"Belgium","2016M07","Trend cycle data","From 25 to 74 years","Thousand persons","Total","316"
"Belgium","2016M07","Trend cycle data","From 25 to 74 years","Thousand persons","Males","168"
"Belgium","2016M07","Trend cycle data","From 25 to 74 years","Thousand persons","Females","148"
"Belgium","2016M07","Trend cycle data","From 25 to 74 years","Percentage of active population","Total","6.9"
"Belgium","2016M07","Trend cycle data","From 25 to 74 years","Percentage of active population","Males","6.8"
"Belgium","2016M07","Trend cycle data","From 25 to 74 years","Percentage of active population","Females","7.0"
"Belgium","2017M07","Trend cycle data","Total","Thousand persons","Total","363"
"Belgium","2017M07","Trend cycle data","Total","Thousand persons","Males","197"
"Belgium","2017M07","Trend cycle data","Total","Thousand persons","Females","166"
"Belgium","2017M07","Trend cycle data","Total","Percentage of active population","Total","7.3"
"Belgium","2017M07","Trend cycle data","Total","Percentage of active population","Males","7.4"
"Belgium","2017M07","Trend cycle data","Total","Percentage of active population","Females","7.2"
"Belgium","2017M07","Trend cycle data","Less than 25 years","Thousand persons","Total","78"
"Belgium","2017M07","Trend cycle data","Less than 25 years","Thousand persons","Males","42"
"Belgium","2017M07","Trend cycle data","Less than 25 years","Thousand persons","Females","35"
"Belgium","2017M07","Trend cycle data","Less than 25 years","Percentage of active population","Total","22.7"
"Belgium","2017M07","Trend cycle data","Less than 25 years","Percentage of active population","Males","21.8"
"Belgium","2017M07","Trend cycle data","Less than 25 years","Percentage of active population","Females","23.8"
"Belgium","2017M07","Trend cycle data","From 25 to 74 years","Thousand persons","Total","286"
"Belgium","2017M07","Trend cycle data","From 25 to 74 years","Thousand persons","Males","155"
"Belgium","2017M07","Trend cycle data","From 25 to 74 years","Thousand persons","Females","131"
"Belgium","2017M07","Trend cycle data","From 25 to 74 years","Percentage of active population","Total","6.2"
"Belgium","2017M07","Trend cycle data","From 25 to 74 years","Percentage of active population","Males","6.2"
"Belgium","2017M07","Trend cycle data","From 25 to 74 years","Percentage of active population","Females","6.1"
"Bulgaria","2016M07","Trend cycle data","Total","Thousand persons","Total","246"
"Bulgaria","2016M07","Trend cycle data","Total","Thousand persons","Males","138"
"Bulgaria","2016M07","Trend cycle data","Total","Thousand persons","Females","107"
"Bulgaria","2016M07","Trend cycle data","Total","Percentage of active population","Total","7.6"
"Bulgaria","2016M07","Trend cycle data","Total","Percentage of active population","Males","8.0"
"Bulgaria","2016M07","Trend cycle data","Total","Percentage of active population","Females","7.1"
"Bulgaria","2016M07","Trend cycle data","Less than 25 years","Thousand persons","Total","27"
"Bulgaria","2016M07","Trend cycle data","Less than 25 years","Thousand persons","Males","16"
"Bulgaria","2016M07","Trend cycle data","Less than 25 years","Thousand persons","Females","11"
"Bulgaria","2016M07","Trend cycle data","Less than 25 years","Percentage of active population","Total","17.7"
"Bulgaria","2016M07","Trend cycle data","Less than 25 years","Percentage of active population","Males","17.6"
"Bulgaria","2016M07","Trend cycle data","Less than 25 years","Percentage of active population","Females","17.8"
"Bulgaria","2016M07","Trend cycle data","From 25 to 74 years","Thousand persons","Total","218"
"Bulgaria","2016M07","Trend cycle data","From 25 to 74 years","Thousand persons","Males","122"
"Bulgaria","2016M07","Trend cycle data","From 25 to 74 years","Thousand persons","Females","96"
"Bulgaria","2016M07","Trend cycle data","From 25 to 74 years","Percentage of active population","Total","7.1"
"Bulgaria","2016M07","Trend cycle data","From 25 to 74 years","Percentage of active population","Males","7.4"
"Bulgaria","2016M07","Trend cycle data","From 25 to 74 years","Percentage of active population","Females","6.6"
"Bulgaria","2017M07","Trend cycle data","Total","Thousand persons","Total","206"
"Bulgaria","2017M07","Trend cycle data","Total","Thousand persons","Males","117"
"Bulgaria","2017M07","Trend cycle data","Total","Thousand persons","Females","89"
"Bulgaria","2017M07","Trend cycle data","Total","Percentage of active population","Total","6.1"
"Bulgaria","2017M07","Trend cycle data","Total","Percentage of active population","Males","6.6"
"Bulgaria","2017M07","Trend cycle data","Total","Percentage of active population","Females","5.7"
"Bulgaria","2017M07","Trend cycle data","Less than 25 years","Thousand persons","Total","22"
"Bulgaria","2017M07","Trend cycle data","Less than 25 years","Thousand persons","Males","13"
"Bulgaria","2017M07","Trend cycle data","Less than 25 years","Thousand persons","Females","9"
"Bulgaria","2017M07","Trend cycle data","Less than 25 years","Percentage of active population","Total","13.7"
"Bulgaria","2017M07","Trend cycle data","Less than 25 years","Percentage of active population","Males","13.9"
"Bulgaria","2017M07","Trend cycle data","Less than 25 years","Percentage of active population","Females","13.4"
"Bulgaria","2017M07","Trend cycle data","From 25 to 74 years","Thousand persons","Total","184"
"Bulgaria","2017M07","Trend cycle data","From 25 to 74 years","Thousand persons","Males","104"
"Bulgaria","2017M07","Trend cycle data","From 25 to 74 years","Thousand persons","Females","80"
"Bulgaria","2017M07","Trend cycle data","From 25 to 74 years","Percentage of active population","Total","5.8"
"Bulgaria","2017M07","Trend cycle data","From 25 to 74 years","Percentage of active population","Males","6.1"
"Bulgaria","2017M07","Trend cycle data","From 25 to 74 years","Percentage of active population","Females","5.3"
"Czech Republic","2016M07","Trend cycle data","Total","Thousand persons","Total","216"
"Czech Republic","2016M07","Trend cycle data","Total","Thousand persons","Males","103"
"Czech Republic","2016M07","Trend cycle data","Total","Thousand persons","Females","114"
"Czech Republic","2016M07","Trend cycle data","Total","Percentage of active population","Total","4.0"
"Czech Republic","2016M07","Trend cycle data","Total","Percentage of active population","Males","3.5"
"Czech Republic","2016M07","Trend cycle data","Total","Percentage of active population","Females","4.8"
"Czech Republic","2016M07","Trend cycle data","Less than 25 years","Thousand persons","Total","37"
"Czech Republic","2016M07","Trend cycle data","Less than 25 years","Thousand persons","Males","21"
"Czech Republic","2016M07","Trend cycle data","Less than 25 years","Thousand persons","Females","16"
"Czech Republic","2016M07","Trend cycle data","Less than 25 years","Percentage of active population","Total","11.0"
"Czech Republic","2016M07","Trend cycle data","Less than 25 years","Percentage of active population","Males","10.3"
"Czech Republic","2016M07","Trend cycle data","Less than 25 years","Percentage of active population","Females","12.2"
"Czech Republic","2016M07","Trend cycle data","From 25 to 74 years","Thousand persons","Total","179"
"Czech Republic","2016M07","Trend cycle data","From 25 to 74 years","Thousand persons","Males","82"
"Czech Republic","2016M07","Trend cycle data","From 25 to 74 years","Thousand persons","Females","97"
"Czech Republic","2016M07","Trend cycle data","From 25 to 74 years","Percentage of active population","Total","3.6"
"Czech Republic","2016M07","Trend cycle data","From 25 to 74 years","Percentage of active population","Males","3.0"
"Czech Republic","2016M07","Trend cycle data","From 25 to 74 years","Percentage of active population","Females","4.4"
"Czech Republic","2017M07","Trend cycle data","Total","Thousand persons","Total","154"
"Czech Republic","2017M07","Trend cycle data","Total","Thousand persons","Males","73"
"Czech Republic","2017M07","Trend cycle data","Total","Thousand persons","Females","82"
"Czech Republic","2017M07","Trend cycle data","Total","Percentage of active population","Total","2.9"
"Czech Republic","2017M07","Trend cycle data","Total","Percentage of active population","Males","2.4"
"Czech Republic","2017M07","Trend cycle data","Total","Percentage of active population","Females","3.4"
"Czech Republic","2017M07","Trend cycle data","Less than 25 years","Thousand persons","Total","28"
"Czech Republic","2017M07","Trend cycle data","Less than 25 years","Thousand persons","Males","17"
"Czech Republic","2017M07","Trend cycle data","Less than 25 years","Thousand persons","Females","11"
"Czech Republic","2017M07","Trend cycle data","Less than 25 years","Percentage of active population","Total","8.8"
"Czech Republic","2017M07","Trend cycle data","Less than 25 years","Percentage of active population","Males","9.0"
"Czech Republic","2017M07","Trend cycle data","Less than 25 years","Percentage of active population","Females","8.6"
"Czech Republic","2017M07","Trend cycle data","From 25 to 74 years","Thousand persons","Total","126"
"Czech Republic","2017M07","Trend cycle data","From 25 to 74 years","Thousand persons","Males","56"
"Czech Republic","2017M07","Trend cycle data","From 25 to 74 years","Thousand persons","Females","71"
"Czech Republic","2017M07","Trend cycle data","From 25 to 74 years","Percentage of active population","Total","2.5"
"Czech Republic","2017M07","Trend cycle data","From 25 to 74 years","Percentage of active population","Males","2.0"
"Czech Republic","2017M07","Trend cycle data","From 25 to 74 years","Percentage of active population","Females","3.1"
"Denmark","2016M07","Trend cycle data","Total","Thousand persons","Total","191"
"Denmark","2016M07","Trend cycle data","Total","Thousand persons","Males","94"
"Denmark","2016M07","Trend cycle data","Total","Thousand persons","Females","97"
"Denmark","2016M07","Trend cycle data","Total","Percentage of active population","Total","6.3"
"Denmark","2016M07","Trend cycle data","Total","Percentage of active population","Males","5.9"
"Denmark","2016M07","Trend cycle data","Total","Percentage of active population","Females","6.8"
"Denmark","2016M07","Trend cycle data","Less than 25 years","Thousand persons","Total","59"
"Denmark","2016M07","Trend cycle data","Less than 25 years","Thousand persons","Males","31"
"Denmark","2016M07","Trend cycle data","Less than 25 years","Thousand persons","Females","28"
"Denmark","2016M07","Trend cycle data","Less than 25 years","Percentage of active population","Total","12.1"
"Denmark","2016M07","Trend cycle data","Less than 25 years","Percentage of active population","Males","12.6"
"Denmark","2016M07","Trend cycle data","Less than 25 years","Percentage of active population","Females","11.6"
"Denmark","2016M07","Trend cycle data","From 25 to 74 years","Thousand persons","Total","132"
"Denmark","2016M07","Trend cycle data","From 25 to 74 years","Thousand persons","Males","62"
"Denmark","2016M07","Trend cycle data","From 25 to 74 years","Thousand persons","Females","70"
"Denmark","2016M07","Trend cycle data","From 25 to 74 years","Percentage of active population","Total","5.2"
"Denmark","2016M07","Trend cycle data","From 25 to 74 years","Percentage of active population","Males","4.6"
"Denmark","2016M07","Trend cycle data","From 25 to 74 years","Percentage of active population","Females","5.9"
"Denmark","2017M07","Trend cycle data","Total","Thousand persons","Total","170"
"Denmark","2017M07","Trend cycle data","Total","Thousand persons","Males","86"
"Denmark","2017M07","Trend cycle data","Total","Thousand persons","Females","84"
"Denmark","2017M07","Trend cycle data","Total","Percentage of active population","Total","5.7"
"Denmark","2017M07","Trend cycle data","Total","Percentage of active population","Males","5.5"
"Denmark","2017M07","Trend cycle data","Total","Percentage of active population","Females","5.9"
"Denmark","2017M07","Trend cycle data","Less than 25 years","Thousand persons","Total","53"
"Denmark","2017M07","Trend cycle data","Less than 25 years","Thousand persons","Males","28"
"Denmark","2017M07","Trend cycle data","Less than 25 years","Thousand persons","Females","26"
"Denmark","2017M07","Trend cycle data","Less than 25 years","Percentage of active population","Total","11.6"
"Denmark","2017M07","Trend cycle data","Less than 25 years","Percentage of active population","Males","12.3"
"Denmark","2017M07","Trend cycle data","Less than 25 years","Percentage of active population","Females","11.1"
"Denmark","2017M07","Trend cycle data","From 25 to 74 years","Thousand persons","Total","117"
"Denmark","2017M07","Trend cycle data","From 25 to 74 years","Thousand persons","Males","59"
"Denmark","2017M07","Trend cycle data","From 25 to 74 years","Thousand persons","Females","58"
"Denmark","2017M07","Trend cycle data","From 25 to 74 years","Percentage of active population","Total","4.6"
"Denmark","2017M07","Trend cycle data","From 25 to 74 years","Percentage of active population","Males","4.4"
"Denmark","2017M07","Trend cycle data","From 25 to 74 years","Percentage of active population","Females","4.9"
"Germany","2016M07","Trend cycle data","Total","Thousand persons","Total","1,791"
"Germany","2016M07","Trend cycle data","Total","Thousand persons","Males","1,039"
"Germany","2016M07","Trend cycle data","Total","Thousand persons","Females","752"
"Germany","2016M07","Trend cycle data","Total","Percentage of active population","Total","4.2"
"Germany","2016M07","Trend cycle data","Total","Percentage of active population","Males","4.5"
"Germany","2016M07","Trend cycle data","Total","Percentage of active population","Females","3.8"
"Germany","2016M07","Trend cycle data","Less than 25 years","Thousand persons","Total","298"
"Germany","2016M07","Trend cycle data","Less than 25 years","Thousand persons","Males","181"
"Germany","2016M07","Trend cycle data","Less than 25 years","Thousand persons","Females","117"
"Germany","2016M07","Trend cycle data","Less than 25 years","Percentage of active population","Total","7.0"
"Germany","2016M07","Trend cycle data","Less than 25 years","Percentage of active population","Males","8.0"
"Germany","2016M07","Trend cycle data","Less than 25 years","Percentage of active population","Females","5.9"
"Germany","2016M07","Trend cycle data","From 25 to 74 years","Thousand persons","Total","1,493"
"Germany","2016M07","Trend cycle data","From 25 to 74 years","Thousand persons","Males","858"
"Germany","2016M07","Trend cycle data","From 25 to 74 years","Thousand persons","Females","635"
"Germany","2016M07","Trend cycle data","From 25 to 74 years","Percentage of active population","Total","3.9"
"Germany","2016M07","Trend cycle data","From 25 to 74 years","Percentage of active population","Males","4.1"
"Germany","2016M07","Trend cycle data","From 25 to 74 years","Percentage of active population","Females","3.5"
"Germany","2017M07","Trend cycle data","Total","Thousand persons","Total","1,583"
"Germany","2017M07","Trend cycle data","Total","Thousand persons","Males","935"
"Germany","2017M07","Trend cycle data","Total","Thousand persons","Females","648"
"Germany","2017M07","Trend cycle data","Total","Percentage of active population","Total","3.7"
"Germany","2017M07","Trend cycle data","Total","Percentage of active population","Males","4.1"
"Germany","2017M07","Trend cycle data","Total","Percentage of active population","Females","3.2"
"Germany","2017M07","Trend cycle data","Less than 25 years","Thousand persons","Total","276"
"Germany","2017M07","Trend cycle data","Less than 25 years","Thousand persons","Males","167"
"Germany","2017M07","Trend cycle data","Less than 25 years","Thousand persons","Females","110"
"Germany","2017M07","Trend cycle data","Less than 25 years","Percentage of active population","Total","6.5"
"Germany","2017M07","Trend cycle data","Less than 25 years","Percentage of active population","Males","7.3"
"Germany","2017M07","Trend cycle data","Less than 25 years","Percentage of active population","Females","5.6"
"Germany","2017M07","Trend cycle data","From 25 to 74 years","Thousand persons","Total","1,307"
"Germany","2017M07","Trend cycle data","From 25 to 74 years","Thousand persons","Males","769"
"Germany","2017M07","Trend cycle data","From 25 to 74 years","Thousand persons","Females","538"
"Germany","2017M07","Trend cycle data","From 25 to 74 years","Percentage of active population","Total","3.4"
"Germany","2017M07","Trend cycle data","From 25 to 74 years","Percentage of active population","Males","3.7"
"Germany","2017M07","Trend cycle data","From 25 to 74 years","Percentage of active population","Females","3.0"
"Estonia","2016M07","Trend cycle data","Total","Thousand persons","Total","48"
"Estonia","2016M07","Trend cycle data","Total","Thousand persons","Males","28"
"Estonia","2016M07","Trend cycle data","Total","Thousand persons","Females","20"
"Estonia","2016M07","Trend cycle data","Total","Percentage of active population","Total","6.9"
"Estonia","2016M07","Trend cycle data","Total","Percentage of active population","Males","7.9"
"Estonia","2016M07","Trend cycle data","Total","Percentage of active population","Females","5.8"
"Estonia","2016M07","Trend cycle data","Less than 25 years","Thousand persons","Total","9"
"Estonia","2016M07","Trend cycle data","Less than 25 years","Thousand persons","Males","5"
"Estonia","2016M07","Trend cycle data","Less than 25 years","Thousand persons","Females","3"
"Estonia","2016M07","Trend cycle data","Less than 25 years","Percentage of active population","Total","14.4"
"Estonia","2016M07","Trend cycle data","Less than 25 years","Percentage of active population","Males","17.0"
"Estonia","2016M07","Trend cycle data","Less than 25 years","Percentage of active population","Females","11.6"
"Estonia","2016M07","Trend cycle data","From 25 to 74 years","Thousand persons","Total","39"
"Estonia","2016M07","Trend cycle data","From 25 to 74 years","Thousand persons","Males","23"
"Estonia","2016M07","Trend cycle data","From 25 to 74 years","Thousand persons","Females","16"
"Estonia","2016M07","Trend cycle data","From 25 to 74 years","Percentage of active population","Total","6.2"
"Estonia","2016M07","Trend cycle data","From 25 to 74 years","Percentage of active population","Males","7.0"
"Estonia","2016M07","Trend cycle data","From 25 to 74 years","Percentage of active population","Females","5.3"
"Estonia","2017M07","Trend cycle data","Total","Thousand persons","Total","41"
"Estonia","2017M07","Trend cycle data","Total","Thousand persons","Males","24"
"Estonia","2017M07","Trend cycle data","Total","Thousand persons","Females","16"
"Estonia","2017M07","Trend cycle data","Total","Percentage of active population","Total","5.9"
"Estonia","2017M07","Trend cycle data","Total","Percentage of active population","Males","6.8"
"Estonia","2017M07","Trend cycle data","Total","Percentage of active population","Females","4.9"
"Estonia","2017M07","Trend cycle data","Less than 25 years","Thousand persons","Total","7"
"Estonia","2017M07","Trend cycle data","Less than 25 years","Thousand persons","Males","6"
"Estonia","2017M07","Trend cycle data","Less than 25 years","Thousand persons","Females","1"
"Estonia","2017M07","Trend cycle data","Less than 25 years","Percentage of active population","Total","11.6"
"Estonia","2017M07","Trend cycle data","Less than 25 years","Percentage of active population","Males","17.6"
"Estonia","2017M07","Trend cycle data","Less than 25 years","Percentage of active population","Females","3.8"
"Estonia","2017M07","Trend cycle data","From 25 to 74 years","Thousand persons","Total","34"
"Estonia","2017M07","Trend cycle data","From 25 to 74 years","Thousand persons","Males","19"
"Estonia","2017M07","Trend cycle data","From 25 to 74 years","Thousand persons","Females","15"
"Estonia","2017M07","Trend cycle data","From 25 to 74 years","Percentage of active population","Total","5.4"
"Estonia","2017M07","Trend cycle data","From 25 to 74 years","Percentage of active population","Males","5.8"
"Estonia","2017M07","Trend cycle data","From 25 to 74 years","Percentage of active population","Females","5.0"
"Ireland","2016M07","Trend cycle data","Total","Thousand persons","Total","177"
"Ireland","2016M07","Trend cycle data","Total","Thousand persons","Males","111"
"Ireland","2016M07","Trend cycle data","Total","Thousand persons","Females","66"
"Ireland","2016M07","Trend cycle data","Total","Percentage of active population","Total","8.1"
"Ireland","2016M07","Trend cycle data","Total","Percentage of active population","Males","9.2"
"Ireland","2016M07","Trend cycle data","Total","Percentage of active population","Females","6.7"
"Ireland","2016M07","Trend cycle data","Less than 25 years","Thousand persons","Total","36"
"Ireland","2016M07","Trend cycle data","Less than 25 years","Thousand persons","Males","21"
"Ireland","2016M07","Trend cycle data","Less than 25 years","Thousand persons","Females","14"
"Ireland","2016M07","Trend cycle data","Less than 25 years","Percentage of active population","Total","17.3"
"Ireland","2016M07","Trend cycle data","Less than 25 years","Percentage of active population","Males","19.2"
"Ireland","2016M07","Trend cycle data","Less than 25 years","Percentage of active population","Females","15.0"
"Ireland","2016M07","Trend cycle data","From 25 to 74 years","Thousand persons","Total","141"
"Ireland","2016M07","Trend cycle data","From 25 to 74 years","Thousand persons","Males","89"
"Ireland","2016M07","Trend cycle data","From 25 to 74 years","Thousand persons","Females","52"
"Ireland","2016M07","Trend cycle data","From 25 to 74 years","Percentage of active population","Total","7.1"
"Ireland","2016M07","Trend cycle data","From 25 to 74 years","Percentage of active population","Males","8.2"
"Ireland","2016M07","Trend cycle data","From 25 to 74 years","Percentage of active population","Females","5.8"
"Ireland","2017M07","Trend cycle data","Total","Thousand persons","Total","134"
"Ireland","2017M07","Trend cycle data","Total","Thousand persons","Males","85"
"Ireland","2017M07","Trend cycle data","Total","Thousand persons","Females","50"
"Ireland","2017M07","Trend cycle data","Total","Percentage of active population","Total","6.1"
"Ireland","2017M07","Trend cycle data","Total","Percentage of active population","Males","7.1"
"Ireland","2017M07","Trend cycle data","Total","Percentage of active population","Females","5.0"
"Ireland","2017M07","Trend cycle data","Less than 25 years","Thousand persons","Total","30"
"Ireland","2017M07","Trend cycle data","Less than 25 years","Thousand persons","Males","18"
"Ireland","2017M07","Trend cycle data","Less than 25 years","Thousand persons","Females","12"
"Ireland","2017M07","Trend cycle data","Less than 25 years","Percentage of active population","Total","15.5"
"Ireland","2017M07","Trend cycle data","Less than 25 years","Percentage of active population","Males","17.6"
"Ireland","2017M07","Trend cycle data","Less than 25 years","Percentage of active population","Females","13.1"
"Ireland","2017M07","Trend cycle data","From 25 to 74 years","Thousand persons","Total","104"
"Ireland","2017M07","Trend cycle data","From 25 to 74 years","Thousand persons","Males","67"
"Ireland","2017M07","Trend cycle data","From 25 to 74 years","Thousand persons","Females","38"
"Ireland","2017M07","Trend cycle data","From 25 to 74 years","Percentage of active population","Total","5.2"
"Ireland","2017M07","Trend cycle data","From 25 to 74 years","Percentage of active population","Males","6.1"
"Ireland","2017M07","Trend cycle data","From 25 to 74 years","Percentage of active population","Females","4.2"
"Greece","2016M07","Trend cycle data","Total","Thousand persons","Total","1,128"
"Greece","2016M07","Trend cycle data","Total","Thousand persons","Males","525"
"Greece","2016M07","Trend cycle data","Total","Thousand persons","Females","603"
"Greece","2016M07","Trend cycle data","Total","Percentage of active population","Total","23.4"
"Greece","2016M07","Trend cycle data","Total","Percentage of active population","Males","19.6"
"Greece","2016M07","Trend cycle data","Total","Percentage of active population","Females","28.0"
"Greece","2016M07","Trend cycle data","Less than 25 years","Thousand persons","Total","122"
"Greece","2016M07","Trend cycle data","Less than 25 years","Thousand persons","Males","61"
"Greece","2016M07","Trend cycle data","Less than 25 years","Thousand persons","Females","60"
"Greece","2016M07","Trend cycle data","Less than 25 years","Percentage of active population","Total","43.4"
"Greece","2016M07","Trend cycle data","Less than 25 years","Percentage of active population","Males","40.0"
"Greece","2016M07","Trend cycle data","Less than 25 years","Percentage of active population","Females","47.6"
"Greece","2016M07","Trend cycle data","From 25 to 74 years","Thousand persons","Total","1,007"
"Greece","2016M07","Trend cycle data","From 25 to 74 years","Thousand persons","Males","464"
"Greece","2016M07","Trend cycle data","From 25 to 74 years","Thousand persons","Females","543"
"Greece","2016M07","Trend cycle data","From 25 to 74 years","Percentage of active population","Total","22.1"
"Greece","2016M07","Trend cycle data","From 25 to 74 years","Percentage of active population","Males","18.4"
"Greece","2016M07","Trend cycle data","From 25 to 74 years","Percentage of active population","Females","26.7"
"Greece","2017M07","Trend cycle data","Total","Thousand persons","Total","1,012"
"Greece","2017M07","Trend cycle data","Total","Thousand persons","Males","468"
"Greece","2017M07","Trend cycle data","Total","Thousand persons","Females","544"
"Greece","2017M07","Trend cycle data","Total","Percentage of active population","Total","21.0"
"Greece","2017M07","Trend cycle data","Total","Percentage of active population","Males","17.6"
"Greece","2017M07","Trend cycle data","Total","Percentage of active population","Females","25.3"
"Greece","2017M07","Trend cycle data","Less than 25 years","Thousand persons","Total","114"
"Greece","2017M07","Trend cycle data","Less than 25 years","Thousand persons","Males","53"
"Greece","2017M07","Trend cycle data","Less than 25 years","Thousand persons","Females","60"
"Greece","2017M07","Trend cycle data","Less than 25 years","Percentage of active population","Total","43.1"
"Greece","2017M07","Trend cycle data","Less than 25 years","Percentage of active population","Males","39.0"
"Greece","2017M07","Trend cycle data","Less than 25 years","Percentage of active population","Females","47.5"
"Greece","2017M07","Trend cycle data","From 25 to 74 years","Thousand persons","Total","898"
"Greece","2017M07","Trend cycle data","From 25 to 74 years","Thousand persons","Males","415"
"Greece","2017M07","Trend cycle data","From 25 to 74 years","Thousand persons","Females","484"
"Greece","2017M07","Trend cycle data","From 25 to 74 years","Percentage of active population","Total","19.8"
"Greece","2017M07","Trend cycle data","From 25 to 74 years","Percentage of active population","Males","16.4"
"Greece","2017M07","Trend cycle data","From 25 to 74 years","Percentage of active population","Females","23.9"
"Spain","2016M07","Trend cycle data","Total","Thousand persons","Total","4,478"
"Spain","2016M07","Trend cycle data","Total","Thousand persons","Males","2,202"
"Spain","2016M07","Trend cycle data","Total","Thousand persons","Females","2,276"
"Spain","2016M07","Trend cycle data","Total","Percentage of active population","Total","19.6"
"Spain","2016M07","Trend cycle data","Total","Percentage of active population","Males","18.1"
"Spain","2016M07","Trend cycle data","Total","Percentage of active population","Females","21.4"
"Spain","2016M07","Trend cycle data","Less than 25 years","Thousand persons","Total","653"
"Spain","2016M07","Trend cycle data","Less than 25 years","Thousand persons","Males","348"
"Spain","2016M07","Trend cycle data","Less than 25 years","Thousand persons","Females","305"
"Spain","2016M07","Trend cycle data","Less than 25 years","Percentage of active population","Total","44.1"
"Spain","2016M07","Trend cycle data","Less than 25 years","Percentage of active population","Males","43.9"
"Spain","2016M07","Trend cycle data","Less than 25 years","Percentage of active population","Females","44.2"
"Spain","2016M07","Trend cycle data","From 25 to 74 years","Thousand persons","Total","3,826"
"Spain","2016M07","Trend cycle data","From 25 to 74 years","Thousand persons","Males","1,855"
"Spain","2016M07","Trend cycle data","From 25 to 74 years","Thousand persons","Females","1,971"
"Spain","2016M07","Trend cycle data","From 25 to 74 years","Percentage of active population","Total","17.9"
"Spain","2016M07","Trend cycle data","From 25 to 74 years","Percentage of active population","Males","16.3"
"Spain","2016M07","Trend cycle data","From 25 to 74 years","Percentage of active population","Females","19.8"
"Spain","2017M07","Trend cycle data","Total","Thousand persons","Total","3,832"
"Spain","2017M07","Trend cycle data","Total","Thousand persons","Males","1,855"
"Spain","2017M07","Trend cycle data","Total","Thousand persons","Females","1,977"
"Spain","2017M07","Trend cycle data","Total","Percentage of active population","Total","16.9"
"Spain","2017M07","Trend cycle data","Total","Percentage of active population","Males","15.3"
"Spain","2017M07","Trend cycle data","Total","Percentage of active population","Females","18.7"
"Spain","2017M07","Trend cycle data","Less than 25 years","Thousand persons","Total","570"
"Spain","2017M07","Trend cycle data","Less than 25 years","Thousand persons","Males","321"
"Spain","2017M07","Trend cycle data","Less than 25 years","Thousand persons","Females","248"
"Spain","2017M07","Trend cycle data","Less than 25 years","Percentage of active population","Total","38.0"
"Spain","2017M07","Trend cycle data","Less than 25 years","Percentage of active population","Males","39.3"
"Spain","2017M07","Trend cycle data","Less than 25 years","Percentage of active population","Females","36.4"
"Spain","2017M07","Trend cycle data","From 25 to 74 years","Thousand persons","Total","3,263"
"Spain","2017M07","Trend cycle data","From 25 to 74 years","Thousand persons","Males","1,534"
"Spain","2017M07","Trend cycle data","From 25 to 74 years","Thousand persons","Females","1,729"
"Spain","2017M07","Trend cycle data","From 25 to 74 years","Percentage of active population","Total","15.4"
"Spain","2017M07","Trend cycle data","From 25 to 74 years","Percentage of active population","Males","13.6"
"Spain","2017M07","Trend cycle data","From 25 to 74 years","Percentage of active population","Females","17.5"
"France","2016M07","Trend cycle data","Total","Thousand persons","Total","2,937"
"France","2016M07","Trend cycle data","Total","Thousand persons","Males","1,537"
"France","2016M07","Trend cycle data","Total","Thousand persons","Females","1,400"
"France","2016M07","Trend cycle data","Total","Percentage of active population","Total","10.0"
"France","2016M07","Trend cycle data","Total","Percentage of active population","Males","10.1"
"France","2016M07","Trend cycle data","Total","Percentage of active population","Females","9.9"
"France","2016M07","Trend cycle data","Less than 25 years","Thousand persons","Total","675"
"France","2016M07","Trend cycle data","Less than 25 years","Thousand persons","Males","371"
"France","2016M07","Trend cycle data","Less than 25 years","Thousand persons","Females","304"
"France","2016M07","Trend cycle data","Less than 25 years","Percentage of active population","Total","24.6"
"France","2016M07","Trend cycle data","Less than 25 years","Percentage of active population","Males","24.9"
"France","2016M07","Trend cycle data","Less than 25 years","Percentage of active population","Females","24.2"
"France","2016M07","Trend cycle data","From 25 to 74 years","Thousand persons","Total","2,262"
"France","2016M07","Trend cycle data","From 25 to 74 years","Thousand persons","Males","1,167"
"France","2016M07","Trend cycle data","From 25 to 74 years","Thousand persons","Females","1,096"
"France","2016M07","Trend cycle data","From 25 to 74 years","Percentage of active population","Total","8.5"
"France","2016M07","Trend cycle data","From 25 to 74 years","Percentage of active population","Males","8.5"
"France","2016M07","Trend cycle data","From 25 to 74 years","Percentage of active population","Females","8.5"
"France","2017M07","Trend cycle data","Total","Thousand persons","Total","2,889"
"France","2017M07","Trend cycle data","Total","Thousand persons","Males","1,523"
"France","2017M07","Trend cycle data","Total","Thousand persons","Females","1,366"
"France","2017M07","Trend cycle data","Total","Percentage of active population","Total","9.7"
"France","2017M07","Trend cycle data","Total","Percentage of active population","Males","9.8"
"France","2017M07","Trend cycle data","Total","Percentage of active population","Females","9.5"
"France","2017M07","Trend cycle data","Less than 25 years","Thousand persons","Total","623"
"France","2017M07","Trend cycle data","Less than 25 years","Thousand persons","Males","355"
"France","2017M07","Trend cycle data","Less than 25 years","Thousand persons","Females","268"
"France","2017M07","Trend cycle data","Less than 25 years","Percentage of active population","Total","22.9"
"France","2017M07","Trend cycle data","Less than 25 years","Percentage of active population","Males","23.5"
"France","2017M07","Trend cycle data","Less than 25 years","Percentage of active population","Females","22.1"
"France","2017M07","Trend cycle data","From 25 to 74 years","Thousand persons","Total","2,265"
"France","2017M07","Trend cycle data","From 25 to 74 years","Thousand persons","Males","1,168"
"France","2017M07","Trend cycle data","From 25 to 74 years","Thousand persons","Females","1,098"
"France","2017M07","Trend cycle data","From 25 to 74 years","Percentage of active population","Total","8.4"
"France","2017M07","Trend cycle data","From 25 to 74 years","Percentage of active population","Males","8.4"
"France","2017M07","Trend cycle data","From 25 to 74 years","Percentage of active population","Females","8.4"
"Croatia","2016M07","Trend cycle data","Total","Thousand persons","Total","241"
"Croatia","2016M07","Trend cycle data","Total","Thousand persons","Males","124"
"Croatia","2016M07","Trend cycle data","Total","Thousand persons","Females","118"
"Croatia","2016M07","Trend cycle data","Total","Percentage of active population","Total","13.2"
"Croatia","2016M07","Trend cycle data","Total","Percentage of active population","Males","12.6"
"Croatia","2016M07","Trend cycle data","Total","Percentage of active population","Females","13.9"
"Croatia","2016M07","Trend cycle data","Less than 25 years","Thousand persons","Total","55"
"Croatia","2016M07","Trend cycle data","Less than 25 years","Thousand persons","Males","31"
"Croatia","2016M07","Trend cycle data","Less than 25 years","Thousand persons","Females","23"
"Croatia","2016M07","Trend cycle data","Less than 25 years","Percentage of active population","Total","31.3"
"Croatia","2016M07","Trend cycle data","Less than 25 years","Percentage of active population","Males","31.1"
"Croatia","2016M07","Trend cycle data","Less than 25 years","Percentage of active population","Females","31.5"
"Croatia","2016M07","Trend cycle data","From 25 to 74 years","Thousand persons","Total","186"
"Croatia","2016M07","Trend cycle data","From 25 to 74 years","Thousand persons","Males","92"
"Croatia","2016M07","Trend cycle data","From 25 to 74 years","Thousand persons","Females","94"
"Croatia","2016M07","Trend cycle data","From 25 to 74 years","Percentage of active population","Total","11.2"
"Croatia","2016M07","Trend cycle data","From 25 to 74 years","Percentage of active population","Males","10.4"
"Croatia","2016M07","Trend cycle data","From 25 to 74 years","Percentage of active population","Females","12.2"
"Croatia","2017M07","Trend cycle data","Total","Thousand persons","Total","194"
"Croatia","2017M07","Trend cycle data","Total","Thousand persons","Males","96"
"Croatia","2017M07","Trend cycle data","Total","Thousand persons","Females","99"
"Croatia","2017M07","Trend cycle data","Total","Percentage of active population","Total","10.8"
"Croatia","2017M07","Trend cycle data","Total","Percentage of active population","Males","9.9"
"Croatia","2017M07","Trend cycle data","Total","Percentage of active population","Females","12.0"
"Croatia","2017M07","Trend cycle data","Less than 25 years","Thousand persons","Total","41"
"Croatia","2017M07","Trend cycle data","Less than 25 years","Thousand persons","Males","23"
"Croatia","2017M07","Trend cycle data","Less than 25 years","Thousand persons","Females","18"
"Croatia","2017M07","Trend cycle data","Less than 25 years","Percentage of active population","Total","25.0"
"Croatia","2017M07","Trend cycle data","Less than 25 years","Percentage of active population","Males","25.2"
"Croatia","2017M07","Trend cycle data","Less than 25 years","Percentage of active population","Females","24.8"
"Croatia","2017M07","Trend cycle data","From 25 to 74 years","Thousand persons","Total","153"
"Croatia","2017M07","Trend cycle data","From 25 to 74 years","Thousand persons","Males","72"
"Croatia","2017M07","Trend cycle data","From 25 to 74 years","Thousand persons","Females","81"
"Croatia","2017M07","Trend cycle data","From 25 to 74 years","Percentage of active population","Total","9.4"
"Croatia","2017M07","Trend cycle data","From 25 to 74 years","Percentage of active population","Males","8.2"
"Croatia","2017M07","Trend cycle data","From 25 to 74 years","Percentage of active population","Females","10.7"
"Italy","2016M07","Trend cycle data","Total","Thousand persons","Total",":"
"Italy","2016M07","Trend cycle data","Total","Thousand persons","Males",":"
"Italy","2016M07","Trend cycle data","Total","Thousand persons","Females",":"
"Italy","2016M07","Trend cycle data","Total","Percentage of active population","Total",":"
"Italy","2016M07","Trend cycle data","Total","Percentage of active population","Males",":"
"Italy","2016M07","Trend cycle data","Total","Percentage of active population","Females",":"
"Italy","2016M07","Trend cycle data","Less than 25 years","Thousand persons","Total",":"
"Italy","2016M07","Trend cycle data","Less than 25 years","Thousand persons","Males",":"
"Italy","2016M07","Trend cycle data","Less than 25 years","Thousand persons","Females",":"
"Italy","2016M07","Trend cycle data","Less than 25 years","Percentage of active population","Total",":"
"Italy","2016M07","Trend cycle data","Less than 25 years","Percentage of active population","Males",":"
"Italy","2016M07","Trend cycle data","Less than 25 years","Percentage of active population","Females",":"
"Italy","2016M07","Trend cycle data","From 25 to 74 years","Thousand persons","Total",":"
"Italy","2016M07","Trend cycle data","From 25 to 74 years","Thousand persons","Males",":"
"Italy","2016M07","Trend cycle data","From 25 to 74 years","Thousand persons","Females",":"
"Italy","2016M07","Trend cycle data","From 25 to 74 years","Percentage of active population","Total",":"
"Italy","2016M07","Trend cycle data","From 25 to 74 years","Percentage of active population","Males",":"
"Italy","2016M07","Trend cycle data","From 25 to 74 years","Percentage of active population","Females",":"
"Italy","2017M07","Trend cycle data","Total","Thousand persons","Total",":"
"Italy","2017M07","Trend cycle data","Total","Thousand persons","Males",":"
"Italy","2017M07","Trend cycle data","Total","Thousand persons","Females",":"
"Italy","2017M07","Trend cycle data","Total","Percentage of active population","Total",":"
"Italy","2017M07","Trend cycle data","Total","Percentage of active population","Males",":"
"Italy","2017M07","Trend cycle data","Total","Percentage of active population","Females",":"
"Italy","2017M07","Trend cycle data","Less than 25 years","Thousand persons","Total",":"
"Italy","2017M07","Trend cycle data","Less than 25 years","Thousand persons","Males",":"
"Italy","2017M07","Trend cycle data","Less than 25 years","Thousand persons","Females",":"
"Italy","2017M07","Trend cycle data","Less than 25 years","Percentage of active population","Total",":"
"Italy","2017M07","Trend cycle data","Less than 25 years","Percentage of active population","Males",":"
"Italy","2017M07","Trend cycle data","Less than 25 years","Percentage of active population","Females",":"
"Italy","2017M07","Trend cycle data","From 25 to 74 years","Thousand persons","Total",":"
"Italy","2017M07","Trend cycle data","From 25 to 74 years","Thousand persons","Males",":"
"Italy","2017M07","Trend cycle data","From 25 to 74 years","Thousand persons","Females",":"
"Italy","2017M07","Trend cycle data","From 25 to 74 years","Percentage of active population","Total",":"
"Italy","2017M07","Trend cycle data","From 25 to 74 years","Percentage of active population","Males",":"
"Italy","2017M07","Trend cycle data","From 25 to 74 years","Percentage of active population","Females",":"
"Cyprus","2016M07","Trend cycle data","Total","Thousand persons","Total","54"
"Cyprus","2016M07","Trend cycle data","Total","Thousand persons","Males","28"
"Cyprus","2016M07","Trend cycle data","Total","Thousand persons","Females","26"
"Cyprus","2016M07","Trend cycle data","Total","Percentage of active population","Total","12.9"
"Cyprus","2016M07","Trend cycle data","Total","Percentage of active population","Males","13.0"
"Cyprus","2016M07","Trend cycle data","Total","Percentage of active population","Females","12.8"
"Cyprus","2016M07","Trend cycle data","Less than 25 years","Thousand persons","Total","11"
"Cyprus","2016M07","Trend cycle data","Less than 25 years","Thousand persons","Males","4"
"Cyprus","2016M07","Trend cycle data","Less than 25 years","Thousand persons","Females","6"
"Cyprus","2016M07","Trend cycle data","Less than 25 years","Percentage of active population","Total","29.5"
"Cyprus","2016M07","Trend cycle data","Less than 25 years","Percentage of active population","Males","25.5"
"Cyprus","2016M07","Trend cycle data","Less than 25 years","Percentage of active population","Females","32.9"
"Cyprus","2016M07","Trend cycle data","From 25 to 74 years","Thousand persons","Total","43"
"Cyprus","2016M07","Trend cycle data","From 25 to 74 years","Thousand persons","Males","24"
"Cyprus","2016M07","Trend cycle data","From 25 to 74 years","Thousand persons","Females","20"
"Cyprus","2016M07","Trend cycle data","From 25 to 74 years","Percentage of active population","Total","11.4"
"Cyprus","2016M07","Trend cycle data","From 25 to 74 years","Percentage of active population","Males","11.9"
"Cyprus","2016M07","Trend cycle data","From 25 to 74 years","Percentage of active population","Females","10.8"
"Cyprus","2017M07","Trend cycle data","Total","Thousand persons","Total","45"
"Cyprus","2017M07","Trend cycle data","Total","Thousand persons","Males","22"
"Cyprus","2017M07","Trend cycle data","Total","Thousand persons","Females","24"
"Cyprus","2017M07","Trend cycle data","Total","Percentage of active population","Total","10.7"
"Cyprus","2017M07","Trend cycle data","Total","Percentage of active population","Males","10.0"
"Cyprus","2017M07","Trend cycle data","Total","Percentage of active population","Females","11.5"
"Cyprus","2017M07","Trend cycle data","Less than 25 years","Thousand persons","Total","9"
"Cyprus","2017M07","Trend cycle data","Less than 25 years","Thousand persons","Males","4"
"Cyprus","2017M07","Trend cycle data","Less than 25 years","Thousand persons","Females","5"
"Cyprus","2017M07","Trend cycle data","Less than 25 years","Percentage of active population","Total","25.6"
"Cyprus","2017M07","Trend cycle data","Less than 25 years","Percentage of active population","Males","24.3"
"Cyprus","2017M07","Trend cycle data","Less than 25 years","Percentage of active population","Females","26.8"
"Cyprus","2017M07","Trend cycle data","From 25 to 74 years","Thousand persons","Total","36"
"Cyprus","2017M07","Trend cycle data","From 25 to 74 years","Thousand persons","Males","18"
"Cyprus","2017M07","Trend cycle data","From 25 to 74 years","Thousand persons","Females","18"
"Cyprus","2017M07","Trend cycle data","From 25 to 74 years","Percentage of active population","Total","9.3"
"Cyprus","2017M07","Trend cycle data","From 25 to 74 years","Percentage of active population","Males","8.8"
"Cyprus","2017M07","Trend cycle data","From 25 to 74 years","Percentage of active population","Females","9.9"
"Latvia","2016M07","Trend cycle data","Total","Thousand persons","Total","97"
"Latvia","2016M07","Trend cycle data","Total","Thousand persons","Males","57"
"Latvia","2016M07","Trend cycle data","Total","Thousand persons","Females","41"
"Latvia","2016M07","Trend cycle data","Total","Percentage of active population","Total","9.9"
"Latvia","2016M07","Trend cycle data","Total","Percentage of active population","Males","11.4"
"Latvia","2016M07","Trend cycle data","Total","Percentage of active population","Females","8.3"
"Latvia","2016M07","Trend cycle data","Less than 25 years","Thousand persons","Total","14"
"Latvia","2016M07","Trend cycle data","Less than 25 years","Thousand persons","Males","10"
"Latvia","2016M07","Trend cycle data","Less than 25 years","Thousand persons","Females","4"
"Latvia","2016M07","Trend cycle data","Less than 25 years","Percentage of active population","Total","18.9"
"Latvia","2016M07","Trend cycle data","Less than 25 years","Percentage of active population","Males","23.2"
"Latvia","2016M07","Trend cycle data","Less than 25 years","Percentage of active population","Females","13.1"
"Latvia","2016M07","Trend cycle data","From 25 to 74 years","Thousand persons","Total","83"
"Latvia","2016M07","Trend cycle data","From 25 to 74 years","Thousand persons","Males","46"
"Latvia","2016M07","Trend cycle data","From 25 to 74 years","Thousand persons","Females","37"
"Latvia","2016M07","Trend cycle data","From 25 to 74 years","Percentage of active population","Total","9.1"
"Latvia","2016M07","Trend cycle data","From 25 to 74 years","Percentage of active population","Males","10.3"
"Latvia","2016M07","Trend cycle data","From 25 to 74 years","Percentage of active population","Females","7.9"
"Latvia","2017M07","Trend cycle data","Total","Thousand persons","Total","83"
"Latvia","2017M07","Trend cycle data","Total","Thousand persons","Males","47"
"Latvia","2017M07","Trend cycle data","Total","Thousand persons","Females","36"
"Latvia","2017M07","Trend cycle data","Total","Percentage of active population","Total","8.5"
"Latvia","2017M07","Trend cycle data","Total","Percentage of active population","Males","9.7"
"Latvia","2017M07","Trend cycle data","Total","Percentage of active population","Females","7.3"
"Latvia","2017M07","Trend cycle data","Less than 25 years","Thousand persons","Total","9"
"Latvia","2017M07","Trend cycle data","Less than 25 years","Thousand persons","Males","5"
"Latvia","2017M07","Trend cycle data","Less than 25 years","Thousand persons","Females","4"
"Latvia","2017M07","Trend cycle data","Less than 25 years","Percentage of active population","Total","12.6"
"Latvia","2017M07","Trend cycle data","Less than 25 years","Percentage of active population","Males","13.1"
"Latvia","2017M07","Trend cycle data","Less than 25 years","Percentage of active population","Females","12.0"
"Latvia","2017M07","Trend cycle data","From 25 to 74 years","Thousand persons","Total","73"
"Latvia","2017M07","Trend cycle data","From 25 to 74 years","Thousand persons","Males","42"
"Latvia","2017M07","Trend cycle data","From 25 to 74 years","Thousand persons","Females","31"
"Latvia","2017M07","Trend cycle data","From 25 to 74 years","Percentage of active population","Total","8.2"
"Latvia","2017M07","Trend cycle data","From 25 to 74 years","Percentage of active population","Males","9.4"
"Latvia","2017M07","Trend cycle data","From 25 to 74 years","Percentage of active population","Females","6.9"
"Lithuania","2016M07","Trend cycle data","Total","Thousand persons","Total","118"
"Lithuania","2016M07","Trend cycle data","Total","Thousand persons","Males","66"
"Lithuania","2016M07","Trend cycle data","Total","Thousand persons","Females","52"
"Lithuania","2016M07","Trend cycle data","Total","Percentage of active population","Total","8.1"
"Lithuania","2016M07","Trend cycle data","Total","Percentage of active population","Males","9.1"
"Lithuania","2016M07","Trend cycle data","Total","Percentage of active population","Females","7.0"
"Lithuania","2016M07","Trend cycle data","Less than 25 years","Thousand persons","Total","18"
"Lithuania","2016M07","Trend cycle data","Less than 25 years","Thousand persons","Males","11"
"Lithuania","2016M07","Trend cycle data","Less than 25 years","Thousand persons","Females","7"
"Lithuania","2016M07","Trend cycle data","Less than 25 years","Percentage of active population","Total","14.4"
"Lithuania","2016M07","Trend cycle data","Less than 25 years","Percentage of active population","Males","15.7"
"Lithuania","2016M07","Trend cycle data","Less than 25 years","Percentage of active population","Females","12.7"
"Lithuania","2016M07","Trend cycle data","From 25 to 74 years","Thousand persons","Total","101"
"Lithuania","2016M07","Trend cycle data","From 25 to 74 years","Thousand persons","Males","55"
"Lithuania","2016M07","Trend cycle data","From 25 to 74 years","Thousand persons","Females","45"
"Lithuania","2016M07","Trend cycle data","From 25 to 74 years","Percentage of active population","Total","7.5"
"Lithuania","2016M07","Trend cycle data","From 25 to 74 years","Percentage of active population","Males","8.5"
"Lithuania","2016M07","Trend cycle data","From 25 to 74 years","Percentage of active population","Females","6.5"
"Lithuania","2017M07","Trend cycle data","Total","Thousand persons","Total","110"
"Lithuania","2017M07","Trend cycle data","Total","Thousand persons","Males","65"
"Lithuania","2017M07","Trend cycle data","Total","Thousand persons","Females","45"
"Lithuania","2017M07","Trend cycle data","Total","Percentage of active population","Total","7.6"
"Lithuania","2017M07","Trend cycle data","Total","Percentage of active population","Males","9.1"
"Lithuania","2017M07","Trend cycle data","Total","Percentage of active population","Females","6.2"
"Lithuania","2017M07","Trend cycle data","Less than 25 years","Thousand persons","Total","17"
"Lithuania","2017M07","Trend cycle data","Less than 25 years","Thousand persons","Males","10"
"Lithuania","2017M07","Trend cycle data","Less than 25 years","Thousand persons","Females","7"
"Lithuania","2017M07","Trend cycle data","Less than 25 years","Percentage of active population","Total","14.1"
"Lithuania","2017M07","Trend cycle data","Less than 25 years","Percentage of active population","Males","15.7"
"Lithuania","2017M07","Trend cycle data","Less than 25 years","Percentage of active population","Females","12.2"
"Lithuania","2017M07","Trend cycle data","From 25 to 74 years","Thousand persons","Total","94"
"Lithuania","2017M07","Trend cycle data","From 25 to 74 years","Thousand persons","Males","55"
"Lithuania","2017M07","Trend cycle data","From 25 to 74 years","Thousand persons","Females","39"
"Lithuania","2017M07","Trend cycle data","From 25 to 74 years","Percentage of active population","Total","7.0"
"Lithuania","2017M07","Trend cycle data","From 25 to 74 years","Percentage of active population","Males","8.4"
"Lithuania","2017M07","Trend cycle data","From 25 to 74 years","Percentage of active population","Females","5.7"
"Luxembourg","2016M07","Trend cycle data","Total","Thousand persons","Total","17"
"Luxembourg","2016M07","Trend cycle data","Total","Thousand persons","Males","9"
"Luxembourg","2016M07","Trend cycle data","Total","Thousand persons","Females","8"
"Luxembourg","2016M07","Trend cycle data","Total","Percentage of active population","Total","6.3"
"Luxembourg","2016M07","Trend cycle data","Total","Percentage of active population","Males","6.1"
"Luxembourg","2016M07","Trend cycle data","Total","Percentage of active population","Females","6.5"
"Luxembourg","2016M07","Trend cycle data","Less than 25 years","Thousand persons","Total","4"
"Luxembourg","2016M07","Trend cycle data","Less than 25 years","Thousand persons","Males","2"
"Luxembourg","2016M07","Trend cycle data","Less than 25 years","Thousand persons","Females","2"
"Luxembourg","2016M07","Trend cycle data","Less than 25 years","Percentage of active population","Total","18.5"
"Luxembourg","2016M07","Trend cycle data","Less than 25 years","Percentage of active population","Males","20.3"
"Luxembourg","2016M07","Trend cycle data","Less than 25 years","Percentage of active population","Females","16.7"
"Luxembourg","2016M07","Trend cycle data","From 25 to 74 years","Thousand persons","Total","14"
"Luxembourg","2016M07","Trend cycle data","From 25 to 74 years","Thousand persons","Males","7"
"Luxembourg","2016M07","Trend cycle data","From 25 to 74 years","Thousand persons","Females","6"
"Luxembourg","2016M07","Trend cycle data","From 25 to 74 years","Percentage of active population","Total","5.3"
"Luxembourg","2016M07","Trend cycle data","From 25 to 74 years","Percentage of active population","Males","5.0"
"Luxembourg","2016M07","Trend cycle data","From 25 to 74 years","Percentage of active population","Females","5.6"
"Luxembourg","2017M07","Trend cycle data","Total","Thousand persons","Total","17"
"Luxembourg","2017M07","Trend cycle data","Total","Thousand persons","Males","10"
"Luxembourg","2017M07","Trend cycle data","Total","Thousand persons","Females","8"
"Luxembourg","2017M07","Trend cycle data","Total","Percentage of active population","Total","6.0"
"Luxembourg","2017M07","Trend cycle data","Total","Percentage of active population","Males","6.2"
"Luxembourg","2017M07","Trend cycle data","Total","Percentage of active population","Females","5.8"
"Luxembourg","2017M07","Trend cycle data","Less than 25 years","Thousand persons","Total","4"
"Luxembourg","2017M07","Trend cycle data","Less than 25 years","Thousand persons","Males","2"
"Luxembourg","2017M07","Trend cycle data","Less than 25 years","Thousand persons","Females","1"
"Luxembourg","2017M07","Trend cycle data","Less than 25 years","Percentage of active population","Total","17.7"
"Luxembourg","2017M07","Trend cycle data","Less than 25 years","Percentage of active population","Males","21.2"
"Luxembourg","2017M07","Trend cycle data","Less than 25 years","Percentage of active population","Females","13.8"
"Luxembourg","2017M07","Trend cycle data","From 25 to 74 years","Thousand persons","Total","13"
"Luxembourg","2017M07","Trend cycle data","From 25 to 74 years","Thousand persons","Males","7"
"Luxembourg","2017M07","Trend cycle data","From 25 to 74 years","Thousand persons","Females","6"
"Luxembourg","2017M07","Trend cycle data","From 25 to 74 years","Percentage of active population","Total","5.1"
"Luxembourg","2017M07","Trend cycle data","From 25 to 74 years","Percentage of active population","Males","5.0"
"Luxembourg","2017M07","Trend cycle data","From 25 to 74 years","Percentage of active population","Females","5.2"
"Hungary","2016M07","Trend cycle data","Total","Thousand persons","Total","229"
"Hungary","2016M07","Trend cycle data","Total","Thousand persons","Males","125"
"Hungary","2016M07","Trend cycle data","Total","Thousand persons","Females","104"
"Hungary","2016M07","Trend cycle data","Total","Percentage of active population","Total","5.0"
"Hungary","2016M07","Trend cycle data","Total","Percentage of active population","Males","5.0"
"Hungary","2016M07","Trend cycle data","Total","Percentage of active population","Females","4.9"
"Hungary","2016M07","Trend cycle data","Less than 25 years","Thousand persons","Total","44"
"Hungary","2016M07","Trend cycle data","Less than 25 years","Thousand persons","Males","25"
"Hungary","2016M07","Trend cycle data","Less than 25 years","Thousand persons","Females","19"
"Hungary","2016M07","Trend cycle data","Less than 25 years","Percentage of active population","Total","12.6"
"Hungary","2016M07","Trend cycle data","Less than 25 years","Percentage of active population","Males","12.3"
"Hungary","2016M07","Trend cycle data","Less than 25 years","Percentage of active population","Females","12.9"
"Hungary","2016M07","Trend cycle data","From 25 to 74 years","Thousand persons","Total","185"
"Hungary","2016M07","Trend cycle data","From 25 to 74 years","Thousand persons","Males","100"
"Hungary","2016M07","Trend cycle data","From 25 to 74 years","Thousand persons","Females","85"
"Hungary","2016M07","Trend cycle data","From 25 to 74 years","Percentage of active population","Total","4.4"
"Hungary","2016M07","Trend cycle data","From 25 to 74 years","Percentage of active population","Males","4.4"
"Hungary","2016M07","Trend cycle data","From 25 to 74 years","Percentage of active population","Females","4.3"
"Hungary","2017M07","Trend cycle data","Total","Thousand persons","Total","196"
"Hungary","2017M07","Trend cycle data","Total","Thousand persons","Males","98"
"Hungary","2017M07","Trend cycle data","Total","Thousand persons","Females","98"
"Hungary","2017M07","Trend cycle data","Total","Percentage of active population","Total","4.2"
"Hungary","2017M07","Trend cycle data","Total","Percentage of active population","Males","3.9"
"Hungary","2017M07","Trend cycle data","Total","Percentage of active population","Females","4.7"
"Hungary","2017M07","Trend cycle data","Less than 25 years","Thousand persons","Total","37"
"Hungary","2017M07","Trend cycle data","Less than 25 years","Thousand persons","Males","18"
"Hungary","2017M07","Trend cycle data","Less than 25 years","Thousand persons","Females","19"
"Hungary","2017M07","Trend cycle data","Less than 25 years","Percentage of active population","Total","10.8"
"Hungary","2017M07","Trend cycle data","Less than 25 years","Percentage of active population","Males","9.2"
"Hungary","2017M07","Trend cycle data","Less than 25 years","Percentage of active population","Females","13.0"
"Hungary","2017M07","Trend cycle data","From 25 to 74 years","Thousand persons","Total","159"
"Hungary","2017M07","Trend cycle data","From 25 to 74 years","Thousand persons","Males","80"
"Hungary","2017M07","Trend cycle data","From 25 to 74 years","Thousand persons","Females","80"
"Hungary","2017M07","Trend cycle data","From 25 to 74 years","Percentage of active population","Total","3.7"
"Hungary","2017M07","Trend cycle data","From 25 to 74 years","Percentage of active population","Males","3.4"
"Hungary","2017M07","Trend cycle data","From 25 to 74 years","Percentage of active population","Females","4.1"
"Malta","2016M07","Trend cycle data","Total","Thousand persons","Total","9"
"Malta","2016M07","Trend cycle data","Total","Thousand persons","Males","5"
"Malta","2016M07","Trend cycle data","Total","Thousand persons","Females","4"
"Malta","2016M07","Trend cycle data","Total","Percentage of active population","Total","4.7"
"Malta","2016M07","Trend cycle data","Total","Percentage of active population","Males","4.5"
"Malta","2016M07","Trend cycle data","Total","Percentage of active population","Females","5.0"
"Malta","2016M07","Trend cycle data","Less than 25 years","Thousand persons","Total","3"
"Malta","2016M07","Trend cycle data","Less than 25 years","Thousand persons","Males","2"
"Malta","2016M07","Trend cycle data","Less than 25 years","Thousand persons","Females","1"
"Malta","2016M07","Trend cycle data","Less than 25 years","Percentage of active population","Total","11.2"
"Malta","2016M07","Trend cycle data","Less than 25 years","Percentage of active population","Males","12.3"
"Malta","2016M07","Trend cycle data","Less than 25 years","Percentage of active population","Females","10.0"
"Malta","2016M07","Trend cycle data","From 25 to 74 years","Thousand persons","Total","6"
"Malta","2016M07","Trend cycle data","From 25 to 74 years","Thousand persons","Males","4"
"Malta","2016M07","Trend cycle data","From 25 to 74 years","Thousand persons","Females","3"
"Malta","2016M07","Trend cycle data","From 25 to 74 years","Percentage of active population","Total","3.7"
"Malta","2016M07","Trend cycle data","From 25 to 74 years","Percentage of active population","Males","3.5"
"Malta","2016M07","Trend cycle data","From 25 to 74 years","Percentage of active population","Females","4.0"
"Malta","2017M07","Trend cycle data","Total","Thousand persons","Total","8"
"Malta","2017M07","Trend cycle data","Total","Thousand persons","Males","5"
"Malta","2017M07","Trend cycle data","Total","Thousand persons","Females","3"
"Malta","2017M07","Trend cycle data","Total","Percentage of active population","Total","4.1"
"Malta","2017M07","Trend cycle data","Total","Percentage of active population","Males","4.0"
"Malta","2017M07","Trend cycle data","Total","Percentage of active population","Females","4.3"
"Malta","2017M07","Trend cycle data","Less than 25 years","Thousand persons","Total","3"
"Malta","2017M07","Trend cycle data","Less than 25 years","Thousand persons","Males","2"
"Malta","2017M07","Trend cycle data","Less than 25 years","Thousand persons","Females","1"
"Malta","2017M07","Trend cycle data","Less than 25 years","Percentage of active population","Total","11.2"
"Malta","2017M07","Trend cycle data","Less than 25 years","Percentage of active population","Males","12.7"
"Malta","2017M07","Trend cycle data","Less than 25 years","Percentage of active population","Females","9.5"
"Malta","2017M07","Trend cycle data","From 25 to 74 years","Thousand persons","Total","6"
"Malta","2017M07","Trend cycle data","From 25 to 74 years","Thousand persons","Males","3"
"Malta","2017M07","Trend cycle data","From 25 to 74 years","Thousand persons","Females","2"
"Malta","2017M07","Trend cycle data","From 25 to 74 years","Percentage of active population","Total","3.1"
"Malta","2017M07","Trend cycle data","From 25 to 74 years","Percentage of active population","Males","2.9"
"Malta","2017M07","Trend cycle data","From 25 to 74 years","Percentage of active population","Females","3.3"
"Netherlands","2016M07","Trend cycle data","Total","Thousand persons","Total","541"
"Netherlands","2016M07","Trend cycle data","Total","Thousand persons","Males","269"
"Netherlands","2016M07","Trend cycle data","Total","Thousand persons","Females","272"
"Netherlands","2016M07","Trend cycle data","Total","Percentage of active population","Total","6.0"
"Netherlands","2016M07","Trend cycle data","Total","Percentage of active population","Males","5.6"
"Netherlands","2016M07","Trend cycle data","Total","Percentage of active population","Females","6.5"
"Netherlands","2016M07","Trend cycle data","Less than 25 years","Thousand persons","Total","152"
"Netherlands","2016M07","Trend cycle data","Less than 25 years","Thousand persons","Males","81"
"Netherlands","2016M07","Trend cycle data","Less than 25 years","Thousand persons","Females","72"
"Netherlands","2016M07","Trend cycle data","Less than 25 years","Percentage of active population","Total","10.8"
"Netherlands","2016M07","Trend cycle data","Less than 25 years","Percentage of active population","Males","11.4"
"Netherlands","2016M07","Trend cycle data","Less than 25 years","Percentage of active population","Females","10.2"
"Netherlands","2016M07","Trend cycle data","From 25 to 74 years","Thousand persons","Total","389"
"Netherlands","2016M07","Trend cycle data","From 25 to 74 years","Thousand persons","Males","189"
"Netherlands","2016M07","Trend cycle data","From 25 to 74 years","Thousand persons","Females","200"
"Netherlands","2016M07","Trend cycle data","From 25 to 74 years","Percentage of active population","Total","5.2"
"Netherlands","2016M07","Trend cycle data","From 25 to 74 years","Percentage of active population","Males","4.6"
"Netherlands","2016M07","Trend cycle data","From 25 to 74 years","Percentage of active population","Females","5.8"
"Netherlands","2017M07","Trend cycle data","Total","Thousand persons","Total","436"
"Netherlands","2017M07","Trend cycle data","Total","Thousand persons","Males","216"
"Netherlands","2017M07","Trend cycle data","Total","Thousand persons","Females","220"
"Netherlands","2017M07","Trend cycle data","Total","Percentage of active population","Total","4.8"
"Netherlands","2017M07","Trend cycle data","Total","Percentage of active population","Males","4.5"
"Netherlands","2017M07","Trend cycle data","Total","Percentage of active population","Females","5.2"
"Netherlands","2017M07","Trend cycle data","Less than 25 years","Thousand persons","Total","126"
"Netherlands","2017M07","Trend cycle data","Less than 25 years","Thousand persons","Males","62"
"Netherlands","2017M07","Trend cycle data","Less than 25 years","Thousand persons","Females","64"
"Netherlands","2017M07","Trend cycle data","Less than 25 years","Percentage of active population","Total","8.8"
"Netherlands","2017M07","Trend cycle data","Less than 25 years","Percentage of active population","Males","8.7"
"Netherlands","2017M07","Trend cycle data","Less than 25 years","Percentage of active population","Females","8.9"
"Netherlands","2017M07","Trend cycle data","From 25 to 74 years","Thousand persons","Total","310"
"Netherlands","2017M07","Trend cycle data","From 25 to 74 years","Thousand persons","Males","154"
"Netherlands","2017M07","Trend cycle data","From 25 to 74 years","Thousand persons","Females","156"
"Netherlands","2017M07","Trend cycle data","From 25 to 74 years","Percentage of active population","Total","4.1"
"Netherlands","2017M07","Trend cycle data","From 25 to 74 years","Percentage of active population","Males","3.8"
"Netherlands","2017M07","Trend cycle data","From 25 to 74 years","Percentage of active population","Females","4.5"
"Austria","2016M07","Trend cycle data","Total","Thousand persons","Total","281"
"Austria","2016M07","Trend cycle data","Total","Thousand persons","Males","161"
"Austria","2016M07","Trend cycle data","Total","Thousand persons","Females","119"
"Austria","2016M07","Trend cycle data","Total","Percentage of active population","Total","6.2"
"Austria","2016M07","Trend cycle data","Total","Percentage of active population","Males","6.7"
"Austria","2016M07","Trend cycle data","Total","Percentage of active population","Females","5.7"
"Austria","2016M07","Trend cycle data","Less than 25 years","Thousand persons","Total","68"
"Austria","2016M07","Trend cycle data","Less than 25 years","Thousand persons","Males","40"
"Austria","2016M07","Trend cycle data","Less than 25 years","Thousand persons","Females","28"
"Austria","2016M07","Trend cycle data","Less than 25 years","Percentage of active population","Total","11.6"
"Austria","2016M07","Trend cycle data","Less than 25 years","Percentage of active population","Males","12.7"
"Austria","2016M07","Trend cycle data","Less than 25 years","Percentage of active population","Females","10.4"
"Austria","2016M07","Trend cycle data","From 25 to 74 years","Thousand persons","Total","213"
"Austria","2016M07","Trend cycle data","From 25 to 74 years","Thousand persons","Males","122"
"Austria","2016M07","Trend cycle data","From 25 to 74 years","Thousand persons","Females","91"
"Austria","2016M07","Trend cycle data","From 25 to 74 years","Percentage of active population","Total","5.4"
"Austria","2016M07","Trend cycle data","From 25 to 74 years","Percentage of active population","Males","5.9"
"Austria","2016M07","Trend cycle data","From 25 to 74 years","Percentage of active population","Females","5.0"
"Austria","2017M07","Trend cycle data","Total","Thousand persons","Total","243"
"Austria","2017M07","Trend cycle data","Total","Thousand persons","Males","142"
"Austria","2017M07","Trend cycle data","Total","Thousand persons","Females","102"
"Austria","2017M07","Trend cycle data","Total","Percentage of active population","Total","5.4"
"Austria","2017M07","Trend cycle data","Total","Percentage of active population","Males","5.9"
"Austria","2017M07","Trend cycle data","Total","Percentage of active population","Females","4.8"
"Austria","2017M07","Trend cycle data","Less than 25 years","Thousand persons","Total","50"
"Austria","2017M07","Trend cycle data","Less than 25 years","Thousand persons","Males","29"
"Austria","2017M07","Trend cycle data","Less than 25 years","Thousand persons","Females","21"
"Austria","2017M07","Trend cycle data","Less than 25 years","Percentage of active population","Total","9.5"
"Austria","2017M07","Trend cycle data","Less than 25 years","Percentage of active population","Males","10.5"
"Austria","2017M07","Trend cycle data","Less than 25 years","Percentage of active population","Females","8.4"
"Austria","2017M07","Trend cycle data","From 25 to 74 years","Thousand persons","Total","193"
"Austria","2017M07","Trend cycle data","From 25 to 74 years","Thousand persons","Males","113"
"Austria","2017M07","Trend cycle data","From 25 to 74 years","Thousand persons","Females","80"
"Austria","2017M07","Trend cycle data","From 25 to 74 years","Percentage of active population","Total","4.9"
"Austria","2017M07","Trend cycle data","From 25 to 74 years","Percentage of active population","Males","5.3"
"Austria","2017M07","Trend cycle data","From 25 to 74 years","Percentage of active population","Females","4.3"
"Poland","2016M07","Trend cycle data","Total","Thousand persons","Total","1,056"
"Poland","2016M07","Trend cycle data","Total","Thousand persons","Males","577"
"Poland","2016M07","Trend cycle data","Total","Thousand persons","Females","479"
"Poland","2016M07","Trend cycle data","Total","Percentage of active population","Total","6.1"
"Poland","2016M07","Trend cycle data","Total","Percentage of active population","Males","6.1"
"Poland","2016M07","Trend cycle data","Total","Percentage of active population","Females","6.2"
"Poland","2016M07","Trend cycle data","Less than 25 years","Thousand persons","Total","245"
"Poland","2016M07","Trend cycle data","Less than 25 years","Thousand persons","Males","144"
"Poland","2016M07","Trend cycle data","Less than 25 years","Thousand persons","Females","101"
"Poland","2016M07","Trend cycle data","Less than 25 years","Percentage of active population","Total","18.0"
"Poland","2016M07","Trend cycle data","Less than 25 years","Percentage of active population","Males","17.7"
"Poland","2016M07","Trend cycle data","Less than 25 years","Percentage of active population","Females","18.3"
"Poland","2016M07","Trend cycle data","From 25 to 74 years","Thousand persons","Total","811"
"Poland","2016M07","Trend cycle data","From 25 to 74 years","Thousand persons","Males","433"
"Poland","2016M07","Trend cycle data","From 25 to 74 years","Thousand persons","Females","378"
"Poland","2016M07","Trend cycle data","From 25 to 74 years","Percentage of active population","Total","5.1"
"Poland","2016M07","Trend cycle data","From 25 to 74 years","Percentage of active population","Males","5.0"
"Poland","2016M07","Trend cycle data","From 25 to 74 years","Percentage of active population","Females","5.3"
"Poland","2017M07","Trend cycle data","Total","Thousand persons","Total","833"
"Poland","2017M07","Trend cycle data","Total","Thousand persons","Males","468"
"Poland","2017M07","Trend cycle data","Total","Thousand persons","Females","365"
"Poland","2017M07","Trend cycle data","Total","Percentage of active population","Total","4.8"
"Poland","2017M07","Trend cycle data","Total","Percentage of active population","Males","4.9"
"Poland","2017M07","Trend cycle data","Total","Percentage of active population","Females","4.7"
"Poland","2017M07","Trend cycle data","Less than 25 years","Thousand persons","Total","190"
"Poland","2017M07","Trend cycle data","Less than 25 years","Thousand persons","Males","115"
"Poland","2017M07","Trend cycle data","Less than 25 years","Thousand persons","Females","75"
"Poland","2017M07","Trend cycle data","Less than 25 years","Percentage of active population","Total","14.5"
"Poland","2017M07","Trend cycle data","Less than 25 years","Percentage of active population","Males","14.9"
"Poland","2017M07","Trend cycle data","Less than 25 years","Percentage of active population","Females","14.0"
"Poland","2017M07","Trend cycle data","From 25 to 74 years","Thousand persons","Total","643"
"Poland","2017M07","Trend cycle data","From 25 to 74 years","Thousand persons","Males","353"
"Poland","2017M07","Trend cycle data","From 25 to 74 years","Thousand persons","Females","290"
"Poland","2017M07","Trend cycle data","From 25 to 74 years","Percentage of active population","Total","4.0"
"Poland","2017M07","Trend cycle data","From 25 to 74 years","Percentage of active population","Males","4.1"
"Poland","2017M07","Trend cycle data","From 25 to 74 years","Percentage of active population","Females","4.0"
"Portugal","2016M07","Trend cycle data","Total","Thousand persons","Total","560"
"Portugal","2016M07","Trend cycle data","Total","Thousand persons","Males","281"
"Portugal","2016M07","Trend cycle data","Total","Thousand persons","Females","279"
"Portugal","2016M07","Trend cycle data","Total","Percentage of active population","Total","10.9"
"Portugal","2016M07","Trend cycle data","Total","Percentage of active population","Males","10.7"
"Portugal","2016M07","Trend cycle data","Total","Percentage of active population","Females","11.1"
"Portugal","2016M07","Trend cycle data","Less than 25 years","Thousand persons","Total","99"
"Portugal","2016M07","Trend cycle data","Less than 25 years","Thousand persons","Males","50"
"Portugal","2016M07","Trend cycle data","Less than 25 years","Thousand persons","Females","49"
"Portugal","2016M07","Trend cycle data","Less than 25 years","Percentage of active population","Total","26.8"
"Portugal","2016M07","Trend cycle data","Less than 25 years","Percentage of active population","Males","25.0"
"Portugal","2016M07","Trend cycle data","Less than 25 years","Percentage of active population","Females","28.9"
"Portugal","2016M07","Trend cycle data","From 25 to 74 years","Thousand persons","Total","461"
"Portugal","2016M07","Trend cycle data","From 25 to 74 years","Thousand persons","Males","231"
"Portugal","2016M07","Trend cycle data","From 25 to 74 years","Thousand persons","Females","230"
"Portugal","2016M07","Trend cycle data","From 25 to 74 years","Percentage of active population","Total","9.7"
"Portugal","2016M07","Trend cycle data","From 25 to 74 years","Percentage of active population","Males","9.5"
"Portugal","2016M07","Trend cycle data","From 25 to 74 years","Percentage of active population","Females","9.9"
"Portugal","2017M07","Trend cycle data","Total","Thousand persons","Total","460"
"Portugal","2017M07","Trend cycle data","Total","Thousand persons","Males","220"
"Portugal","2017M07","Trend cycle data","Total","Thousand persons","Females","240"
"Portugal","2017M07","Trend cycle data","Total","Percentage of active population","Total","8.9"
"Portugal","2017M07","Trend cycle data","Total","Percentage of active population","Males","8.4"
"Portugal","2017M07","Trend cycle data","Total","Percentage of active population","Females","9.4"
"Portugal","2017M07","Trend cycle data","Less than 25 years","Thousand persons","Total","87"
"Portugal","2017M07","Trend cycle data","Less than 25 years","Thousand persons","Males","43"
"Portugal","2017M07","Trend cycle data","Less than 25 years","Thousand persons","Females","44"
"Portugal","2017M07","Trend cycle data","Less than 25 years","Percentage of active population","Total","23.6"
"Portugal","2017M07","Trend cycle data","Less than 25 years","Percentage of active population","Males","22.1"
"Portugal","2017M07","Trend cycle data","Less than 25 years","Percentage of active population","Females","25.4"
"Portugal","2017M07","Trend cycle data","From 25 to 74 years","Thousand persons","Total","373"
"Portugal","2017M07","Trend cycle data","From 25 to 74 years","Thousand persons","Males","176"
"Portugal","2017M07","Trend cycle data","From 25 to 74 years","Thousand persons","Females","196"
"Portugal","2017M07","Trend cycle data","From 25 to 74 years","Percentage of active population","Total","7.8"
"Portugal","2017M07","Trend cycle data","From 25 to 74 years","Percentage of active population","Males","7.3"
"Portugal","2017M07","Trend cycle data","From 25 to 74 years","Percentage of active population","Females","8.3"
"Romania","2016M07","Trend cycle data","Total","Thousand persons","Total","523"
"Romania","2016M07","Trend cycle data","Total","Thousand persons","Males","336"
"Romania","2016M07","Trend cycle data","Total","Thousand persons","Females","187"
"Romania","2016M07","Trend cycle data","Total","Percentage of active population","Total","5.8"
"Romania","2016M07","Trend cycle data","Total","Percentage of active population","Males","6.5"
"Romania","2016M07","Trend cycle data","Total","Percentage of active population","Females","4.9"
"Romania","2016M07","Trend cycle data","Less than 25 years","Thousand persons","Total","125"
"Romania","2016M07","Trend cycle data","Less than 25 years","Thousand persons","Males","74"
"Romania","2016M07","Trend cycle data","Less than 25 years","Thousand persons","Females","51"
"Romania","2016M07","Trend cycle data","Less than 25 years","Percentage of active population","Total","20.2"
"Romania","2016M07","Trend cycle data","Less than 25 years","Percentage of active population","Males","19.3"
"Romania","2016M07","Trend cycle data","Less than 25 years","Percentage of active population","Females","21.7"
"Romania","2016M07","Trend cycle data","From 25 to 74 years","Thousand persons","Total","397"
"Romania","2016M07","Trend cycle data","From 25 to 74 years","Thousand persons","Males","261"
"Romania","2016M07","Trend cycle data","From 25 to 74 years","Thousand persons","Females","136"
"Romania","2016M07","Trend cycle data","From 25 to 74 years","Percentage of active population","Total","4.8"
"Romania","2016M07","Trend cycle data","From 25 to 74 years","Percentage of active population","Males","5.5"
"Romania","2016M07","Trend cycle data","From 25 to 74 years","Percentage of active population","Females","3.8"
"Romania","2017M07","Trend cycle data","Total","Thousand persons","Total","469"
"Romania","2017M07","Trend cycle data","Total","Thousand persons","Males","318"
"Romania","2017M07","Trend cycle data","Total","Thousand persons","Females","152"
"Romania","2017M07","Trend cycle data","Total","Percentage of active population","Total","5.1"
"Romania","2017M07","Trend cycle data","Total","Percentage of active population","Males","6.1"
"Romania","2017M07","Trend cycle data","Total","Percentage of active population","Females","3.8"
"Romania","2017M07","Trend cycle data","Less than 25 years","Thousand persons","Total",":"
"Romania","2017M07","Trend cycle data","Less than 25 years","Thousand persons","Males",":"
"Romania","2017M07","Trend cycle data","Less than 25 years","Thousand persons","Females",":"
"Romania","2017M07","Trend cycle data","Less than 25 years","Percentage of active population","Total",":"
"Romania","2017M07","Trend cycle data","Less than 25 years","Percentage of active population","Males",":"
"Romania","2017M07","Trend cycle data","Less than 25 years","Percentage of active population","Females",":"
"Romania","2017M07","Trend cycle data","From 25 to 74 years","Thousand persons","Total","360"
"Romania","2017M07","Trend cycle data","From 25 to 74 years","Thousand persons","Males","253"
"Romania","2017M07","Trend cycle data","From 25 to 74 years","Thousand persons","Females","107"
"Romania","2017M07","Trend cycle data","From 25 to 74 years","Percentage of active population","Total","4.2"
"Romania","2017M07","Trend cycle data","From 25 to 74 years","Percentage of active population","Males","5.2"
"Romania","2017M07","Trend cycle data","From 25 to 74 years","Percentage of active population","Females","2.9"
"Slovenia","2016M07","Trend cycle data","Total","Thousand persons","Total","77"
"Slovenia","2016M07","Trend cycle data","Total","Thousand persons","Males","38"
"Slovenia","2016M07","Trend cycle data","Total","Thousand persons","Females","39"
"Slovenia","2016M07","Trend cycle data","Total","Percentage of active population","Total","7.8"
"Slovenia","2016M07","Trend cycle data","Total","Percentage of active population","Males","7.3"
"Slovenia","2016M07","Trend cycle data","Total","Percentage of active population","Females","8.4"
"Slovenia","2016M07","Trend cycle data","Less than 25 years","Thousand persons","Total","10"
"Slovenia","2016M07","Trend cycle data","Less than 25 years","Thousand persons","Males","6"
"Slovenia","2016M07","Trend cycle data","Less than 25 years","Thousand persons","Females","5"
"Slovenia","2016M07","Trend cycle data","Less than 25 years","Percentage of active population","Total","15.2"
"Slovenia","2016M07","Trend cycle data","Less than 25 years","Percentage of active population","Males","15.2"
"Slovenia","2016M07","Trend cycle data","Less than 25 years","Percentage of active population","Females","15.2"
"Slovenia","2016M07","Trend cycle data","From 25 to 74 years","Thousand persons","Total","67"
"Slovenia","2016M07","Trend cycle data","From 25 to 74 years","Thousand persons","Males","33"
"Slovenia","2016M07","Trend cycle data","From 25 to 74 years","Thousand persons","Females","34"
"Slovenia","2016M07","Trend cycle data","From 25 to 74 years","Percentage of active population","Total","7.2"
"Slovenia","2016M07","Trend cycle data","From 25 to 74 years","Percentage of active population","Males","6.7"
"Slovenia","2016M07","Trend cycle data","From 25 to 74 years","Percentage of active population","Females","7.9"
"Slovenia","2017M07","Trend cycle data","Total","Thousand persons","Total","66"
"Slovenia","2017M07","Trend cycle data","Total","Thousand persons","Males","31"
"Slovenia","2017M07","Trend cycle data","Total","Thousand persons","Females","35"
"Slovenia","2017M07","Trend cycle data","Total","Percentage of active population","Total","6.5"
"Slovenia","2017M07","Trend cycle data","Total","Percentage of active population","Males","5.8"
"Slovenia","2017M07","Trend cycle data","Total","Percentage of active population","Females","7.4"
"Slovenia","2017M07","Trend cycle data","Less than 25 years","Thousand persons","Total","8"
"Slovenia","2017M07","Trend cycle data","Less than 25 years","Thousand persons","Males","4"
"Slovenia","2017M07","Trend cycle data","Less than 25 years","Thousand persons","Females","3"
"Slovenia","2017M07","Trend cycle data","Less than 25 years","Percentage of active population","Total","9.7"
"Slovenia","2017M07","Trend cycle data","Less than 25 years","Percentage of active population","Males","9.0"
"Slovenia","2017M07","Trend cycle data","Less than 25 years","Percentage of active population","Females","10.6"
"Slovenia","2017M07","Trend cycle data","From 25 to 74 years","Thousand persons","Total","58"
"Slovenia","2017M07","Trend cycle data","From 25 to 74 years","Thousand persons","Males","27"
"Slovenia","2017M07","Trend cycle data","From 25 to 74 years","Thousand persons","Females","31"
"Slovenia","2017M07","Trend cycle data","From 25 to 74 years","Percentage of active population","Total","6.3"
"Slovenia","2017M07","Trend cycle data","From 25 to 74 years","Percentage of active population","Males","5.4"
"Slovenia","2017M07","Trend cycle data","From 25 to 74 years","Percentage of active population","Females","7.2"
"Slovakia","2016M07","Trend cycle data","Total","Thousand persons","Total","268"
"Slovakia","2016M07","Trend cycle data","Total","Thousand persons","Males","133"
"Slovakia","2016M07","Trend cycle data","Total","Thousand persons","Females","134"
"Slovakia","2016M07","Trend cycle data","Total","Percentage of active population","Total","9.7"
"Slovakia","2016M07","Trend cycle data","Total","Percentage of active population","Males","8.8"
"Slovakia","2016M07","Trend cycle data","Total","Percentage of active population","Females","10.8"
"Slovakia","2016M07","Trend cycle data","Less than 25 years","Thousand persons","Total","46"
"Slovakia","2016M07","Trend cycle data","Less than 25 years","Thousand persons","Males","25"
"Slovakia","2016M07","Trend cycle data","Less than 25 years","Thousand persons","Females","20"
"Slovakia","2016M07","Trend cycle data","Less than 25 years","Percentage of active population","Total","22.1"
"Slovakia","2016M07","Trend cycle data","Less than 25 years","Percentage of active population","Males","19.5"
"Slovakia","2016M07","Trend cycle data","Less than 25 years","Percentage of active population","Females","26.6"
"Slovakia","2016M07","Trend cycle data","From 25 to 74 years","Thousand persons","Total","222"
"Slovakia","2016M07","Trend cycle data","From 25 to 74 years","Thousand persons","Males","108"
"Slovakia","2016M07","Trend cycle data","From 25 to 74 years","Thousand persons","Females","114"
"Slovakia","2016M07","Trend cycle data","From 25 to 74 years","Percentage of active population","Total","8.7"
"Slovakia","2016M07","Trend cycle data","From 25 to 74 years","Percentage of active population","Males","7.8"
"Slovakia","2016M07","Trend cycle data","From 25 to 74 years","Percentage of active population","Females","9.7"
"Slovakia","2017M07","Trend cycle data","Total","Thousand persons","Total","210"
"Slovakia","2017M07","Trend cycle data","Total","Thousand persons","Males","111"
"Slovakia","2017M07","Trend cycle data","Total","Thousand persons","Females","98"
"Slovakia","2017M07","Trend cycle data","Total","Percentage of active population","Total","7.7"
"Slovakia","2017M07","Trend cycle data","Total","Percentage of active population","Males","7.5"
"Slovakia","2017M07","Trend cycle data","Total","Percentage of active population","Females","7.9"
"Slovakia","2017M07","Trend cycle data","Less than 25 years","Thousand persons","Total","34"
"Slovakia","2017M07","Trend cycle data","Less than 25 years","Thousand persons","Males","21"
"Slovakia","2017M07","Trend cycle data","Less than 25 years","Thousand persons","Females","13"
"Slovakia","2017M07","Trend cycle data","Less than 25 years","Percentage of active population","Total","16.7"
"Slovakia","2017M07","Trend cycle data","Less than 25 years","Percentage of active population","Males","16.9"
"Slovakia","2017M07","Trend cycle data","Less than 25 years","Percentage of active population","Females","16.4"
"Slovakia","2017M07","Trend cycle data","From 25 to 74 years","Thousand persons","Total","176"
"Slovakia","2017M07","Trend cycle data","From 25 to 74 years","Thousand persons","Males","91"
"Slovakia","2017M07","Trend cycle data","From 25 to 74 years","Thousand persons","Females","85"
"Slovakia","2017M07","Trend cycle data","From 25 to 74 years","Percentage of active population","Total","6.9"
"Slovakia","2017M07","Trend cycle data","From 25 to 74 years","Percentage of active population","Males","6.6"
"Slovakia","2017M07","Trend cycle data","From 25 to 74 years","Percentage of active population","Females","7.3"
"Finland","2016M07","Trend cycle data","Total","Thousand persons","Total","236"
"Finland","2016M07","Trend cycle data","Total","Thousand persons","Males","124"
"Finland","2016M07","Trend cycle data","Total","Thousand persons","Females","112"
"Finland","2016M07","Trend cycle data","Total","Percentage of active population","Total","8.8"
"Finland","2016M07","Trend cycle data","Total","Percentage of active population","Males","8.9"
"Finland","2016M07","Trend cycle data","Total","Percentage of active population","Females","8.7"
"Finland","2016M07","Trend cycle data","Less than 25 years","Thousand persons","Total","66"
"Finland","2016M07","Trend cycle data","Less than 25 years","Thousand persons","Males","34"
"Finland","2016M07","Trend cycle data","Less than 25 years","Thousand persons","Females","32"
"Finland","2016M07","Trend cycle data","Less than 25 years","Percentage of active population","Total","20.5"
"Finland","2016M07","Trend cycle data","Less than 25 years","Percentage of active population","Males","21.9"
"Finland","2016M07","Trend cycle data","Less than 25 years","Percentage of active population","Females","19.2"
"Finland","2016M07","Trend cycle data","From 25 to 74 years","Thousand persons","Total","170"
"Finland","2016M07","Trend cycle data","From 25 to 74 years","Thousand persons","Males","90"
"Finland","2016M07","Trend cycle data","From 25 to 74 years","Thousand persons","Females","80"
"Finland","2016M07","Trend cycle data","From 25 to 74 years","Percentage of active population","Total","7.2"
"Finland","2016M07","Trend cycle data","From 25 to 74 years","Percentage of active population","Males","7.3"
"Finland","2016M07","Trend cycle data","From 25 to 74 years","Percentage of active population","Females","7.1"
"Finland","2017M07","Trend cycle data","Total","Thousand persons","Total","235"
"Finland","2017M07","Trend cycle data","Total","Thousand persons","Males","124"
"Finland","2017M07","Trend cycle data","Total","Thousand persons","Females","111"
"Finland","2017M07","Trend cycle data","Total","Percentage of active population","Total","8.7"
"Finland","2017M07","Trend cycle data","Total","Percentage of active population","Males","8.9"
"Finland","2017M07","Trend cycle data","Total","Percentage of active population","Females","8.6"
"Finland","2017M07","Trend cycle data","Less than 25 years","Thousand persons","Total","67"
"Finland","2017M07","Trend cycle data","Less than 25 years","Thousand persons","Males","35"
"Finland","2017M07","Trend cycle data","Less than 25 years","Thousand persons","Females","33"
"Finland","2017M07","Trend cycle data","Less than 25 years","Percentage of active population","Total","20.6"
"Finland","2017M07","Trend cycle data","Less than 25 years","Percentage of active population","Males","21.6"
"Finland","2017M07","Trend cycle data","Less than 25 years","Percentage of active population","Females","19.7"
"Finland","2017M07","Trend cycle data","From 25 to 74 years","Thousand persons","Total","168"
"Finland","2017M07","Trend cycle data","From 25 to 74 years","Thousand persons","Males","89"
"Finland","2017M07","Trend cycle data","From 25 to 74 years","Thousand persons","Females","78"
"Finland","2017M07","Trend cycle data","From 25 to 74 years","Percentage of active population","Total","7.1"
"Finland","2017M07","Trend cycle data","From 25 to 74 years","Percentage of active population","Males","7.2"
"Finland","2017M07","Trend cycle data","From 25 to 74 years","Percentage of active population","Females","6.9"
"Sweden","2016M07","Trend cycle data","Total","Thousand persons","Total","365"
"Sweden","2016M07","Trend cycle data","Total","Thousand persons","Males","201"
"Sweden","2016M07","Trend cycle data","Total","Thousand persons","Females","164"
"Sweden","2016M07","Trend cycle data","Total","Percentage of active population","Total","6.9"
"Sweden","2016M07","Trend cycle data","Total","Percentage of active population","Males","7.3"
"Sweden","2016M07","Trend cycle data","Total","Percentage of active population","Females","6.6"
"Sweden","2016M07","Trend cycle data","Less than 25 years","Thousand persons","Total","120"
"Sweden","2016M07","Trend cycle data","Less than 25 years","Thousand persons","Males","66"
"Sweden","2016M07","Trend cycle data","Less than 25 years","Thousand persons","Females","53"
"Sweden","2016M07","Trend cycle data","Less than 25 years","Percentage of active population","Total","19.2"
"Sweden","2016M07","Trend cycle data","Less than 25 years","Percentage of active population","Males","21.1"
"Sweden","2016M07","Trend cycle data","Less than 25 years","Percentage of active population","Females","17.3"
"Sweden","2016M07","Trend cycle data","From 25 to 74 years","Thousand persons","Total","246"
"Sweden","2016M07","Trend cycle data","From 25 to 74 years","Thousand persons","Males","135"
"Sweden","2016M07","Trend cycle data","From 25 to 74 years","Thousand persons","Females","111"
"Sweden","2016M07","Trend cycle data","From 25 to 74 years","Percentage of active population","Total","5.3"
"Sweden","2016M07","Trend cycle data","From 25 to 74 years","Percentage of active population","Males","5.5"
"Sweden","2016M07","Trend cycle data","From 25 to 74 years","Percentage of active population","Females","5.1"
"Sweden","2017M07","Trend cycle data","Total","Thousand persons","Total","362"
"Sweden","2017M07","Trend cycle data","Total","Thousand persons","Males","197"
"Sweden","2017M07","Trend cycle data","Total","Thousand persons","Females","165"
"Sweden","2017M07","Trend cycle data","Total","Percentage of active population","Total","6.7"
"Sweden","2017M07","Trend cycle data","Total","Percentage of active population","Males","7.0"
"Sweden","2017M07","Trend cycle data","Total","Percentage of active population","Females","6.5"
"Sweden","2017M07","Trend cycle data","Less than 25 years","Thousand persons","Total","113"
"Sweden","2017M07","Trend cycle data","Less than 25 years","Thousand persons","Males","61"
"Sweden","2017M07","Trend cycle data","Less than 25 years","Thousand persons","Females","52"
"Sweden","2017M07","Trend cycle data","Less than 25 years","Percentage of active population","Total","18.2"
"Sweden","2017M07","Trend cycle data","Less than 25 years","Percentage of active population","Males","18.7"
"Sweden","2017M07","Trend cycle data","Less than 25 years","Percentage of active population","Females","17.7"
"Sweden","2017M07","Trend cycle data","From 25 to 74 years","Thousand persons","Total","249"
"Sweden","2017M07","Trend cycle data","From 25 to 74 years","Thousand persons","Males","136"
"Sweden","2017M07","Trend cycle data","From 25 to 74 years","Thousand persons","Females","113"
"Sweden","2017M07","Trend cycle data","From 25 to 74 years","Percentage of active population","Total","5.2"
"Sweden","2017M07","Trend cycle data","From 25 to 74 years","Percentage of active population","Males","5.4"
"Sweden","2017M07","Trend cycle data","From 25 to 74 years","Percentage of active population","Females","5.0"
"United Kingdom","2016M07","Trend cycle data","Total","Thousand persons","Total","1,598"
"United Kingdom","2016M07","Trend cycle data","Total","Thousand persons","Males","872"
"United Kingdom","2016M07","Trend cycle data","Total","Thousand persons","Females","727"
"United Kingdom","2016M07","Trend cycle data","Total","Percentage of active population","Total","4.8"
"United Kingdom","2016M07","Trend cycle data","Total","Percentage of active population","Males","4.9"
"United Kingdom","2016M07","Trend cycle data","Total","Percentage of active population","Females","4.7"
"United Kingdom","2016M07","Trend cycle data","Less than 25 years","Thousand persons","Total","583"
"United Kingdom","2016M07","Trend cycle data","Less than 25 years","Thousand persons","Males","347"
"United Kingdom","2016M07","Trend cycle data","Less than 25 years","Thousand persons","Females","237"
"United Kingdom","2016M07","Trend cycle data","Less than 25 years","Percentage of active population","Total","13.2"
"United Kingdom","2016M07","Trend cycle data","Less than 25 years","Percentage of active population","Males","15.2"
"United Kingdom","2016M07","Trend cycle data","Less than 25 years","Percentage of active population","Females","11.1"
"United Kingdom","2016M07","Trend cycle data","From 25 to 74 years","Thousand persons","Total","1,015"
"United Kingdom","2016M07","Trend cycle data","From 25 to 74 years","Thousand persons","Males","525"
"United Kingdom","2016M07","Trend cycle data","From 25 to 74 years","Thousand persons","Females","490"
"United Kingdom","2016M07","Trend cycle data","From 25 to 74 years","Percentage of active population","Total","3.5"
"United Kingdom","2016M07","Trend cycle data","From 25 to 74 years","Percentage of active population","Males","3.4"
"United Kingdom","2016M07","Trend cycle data","From 25 to 74 years","Percentage of active population","Females","3.7"
"United Kingdom","2017M07","Trend cycle data","Total","Thousand persons","Total","1,413"
"United Kingdom","2017M07","Trend cycle data","Total","Thousand persons","Males","764"
"United Kingdom","2017M07","Trend cycle data","Total","Thousand persons","Females","649"
"United Kingdom","2017M07","Trend cycle data","Total","Percentage of active population","Total","4.2"
"United Kingdom","2017M07","Trend cycle data","Total","Percentage of active population","Males","4.3"
"United Kingdom","2017M07","Trend cycle data","Total","Percentage of active population","Females","4.1"
"United Kingdom","2017M07","Trend cycle data","Less than 25 years","Thousand persons","Total","506"
"United Kingdom","2017M07","Trend cycle data","Less than 25 years","Thousand persons","Males","287"
"United Kingdom","2017M07","Trend cycle data","Less than 25 years","Thousand persons","Females","219"
"United Kingdom","2017M07","Trend cycle data","Less than 25 years","Percentage of active population","Total","11.8"
"United Kingdom","2017M07","Trend cycle data","Less than 25 years","Percentage of active population","Males","13.0"
"United Kingdom","2017M07","Trend cycle data","Less than 25 years","Percentage of active population","Females","10.5"
"United Kingdom","2017M07","Trend cycle data","From 25 to 74 years","Thousand persons","Total","907"
"United Kingdom","2017M07","Trend cycle data","From 25 to 74 years","Thousand persons","Males","477"
"United Kingdom","2017M07","Trend cycle data","From 25 to 74 years","Thousand persons","Females","430"
"United Kingdom","2017M07","Trend cycle data","From 25 to 74 years","Percentage of active population","Total","3.1"
"United Kingdom","2017M07","Trend cycle data","From 25 to 74 years","Percentage of active population","Males","3.1"
"United Kingdom","2017M07","Trend cycle data","From 25 to 74 years","Percentage of active population","Females","3.2"
